Item,bee_prod_corr,bee_area_corr,bee_yield_corr
Cucumbers and gherkins,-0.35503789429090304,0.2886845528259312,-0.3816434377563192
