,Item,bee_prod_corr,bee_area_corr,bee_yield_corr
0,Cucumbers and gherkins,0.7699621074394237,0.8838303432726393,-0.16955583166255817
1,Apples,0.7562986094528945,0.8917165514084954,-0.13228661163640731
2,"Hazelnuts, in shell",0.393712913123062,0.4831496512866271,0.09114566237960979
3,"Walnuts, in shell",-0.0017447806143332195,0.137378182637537,-0.03729266202544038
4,"Almonds, in shell",0.7673007185016705,0.8265392348146446,-0.3488691230812822
5,Apricots,0.5191228578056345,0.8781690971702099,-0.13466035082421712
