,Continent,Item,bee_commodity_corr,bee_prod_corr,bee_area_corr,bee_yield_corr,commodity_prod_corr,commodity_area_corr,commodity_yield_corr,data_points
41,Oceania,Apples,-0.41881411739820057,0.4790856892633692,0.21146873052692194,0.1942378148839401,-0.08576953631604374,-0.08406041666339568,0.012088763489918277,128
42,Oceania,Sunflower seed,-0.4870159954194972,0.21532395032266008,0.2624905792572836,0.15671043510437285,-0.08353311576781622,-0.13294425410871835,0.19618228768512752,65
43,Oceania,Wheat,-0.41881411739820057,0.28388923622239787,0.2633463243743691,0.2741433115360145,0.011910098660349283,0.08310284107063506,-0.006278140196663236,128
44,Oceania,"Pumpkins, squash and gourds",-0.18219309019944707,0.7841858511673316,0.8149764468027758,0.4665328541607636,0.03299287939556989,0.04135422697079184,-0.08695705224283773,191
45,Oceania,Cucumbers and gherkins,-0.17719590174134267,0.4877368813497787,0.19352751763160844,0.42683289178584544,-0.04592584804719308,0.010947863965869059,0.10525450367466499,193
46,Oceania,Rape or colza seed,-0.41881411739820057,0.2501285980190589,0.22345855067807482,0.12787528609347876,-0.05651139104241538,-0.023261822383646248,-0.09725566586193628,128
47,Oceania,Cherries,-0.41881411739820057,0.3715989113002996,0.4873421282966696,-0.23436691303576918,-0.04792828043202147,-0.0644073314769665,-0.015843145969191494,128
48,Oceania,Raspberries,-0.41881411739820057,-0.573015292634464,-0.4696851746316946,-0.6477999738618958,-0.1328121726446692,0.06334826710655742,-0.12159083868709766,128
49,Oceania,Strawberries,-0.41881411739820057,0.2716234081095384,0.25960713348463593,0.05828442857000392,-0.0793489746573682,-0.056595808626406854,0.19299439651228795,128
