,Continent,Item,bee_commodity_corr,bee_prod_corr,bee_area_corr,bee_yield_corr,commodity_prod_corr,commodity_area_corr,commodity_yield_corr,data_points
11,Africa,Apples,0.05852532852431028,0.08706386407453463,0.19143123139503662,0.07002072085279307,-0.018877601158804453,0.06630969921414867,0.003043353287942932,317
12,Africa,Sunflower seed,0.011061833678388217,0.03270309140328752,0.06157889889475364,0.23362363403663913,-0.03812798509215269,-0.045199716967783694,0.024861039745266225,535
13,Africa,Wheat,0.005204781693052832,0.2377707578763874,0.15021455293215488,0.15889987387283205,0.008224458566270913,0.009304316342231478,0.0015126181109646995,1073
14,Africa,"Almonds, in shell",0.15217429751094858,0.7410713047322038,0.11113817482295352,0.4118448490914283,-0.010506176383029342,-0.011293975148198231,-0.056748035444303,128
15,Africa,"Pumpkins, squash and gourds",0.013026330432516641,0.41476498594677763,0.36421724263623406,0.058956284737401284,0.02756142207309031,-0.018266295388652015,-0.005381080114562231,666
16,Africa,Cucumbers and gherkins,0.013005751429522401,0.10398168474296883,0.09898922412879009,0.17800468440059328,0.03427475354554659,-0.010078910838118392,0.08069789705791049,457
17,Africa,Rape or colza seed,-0.0425510703233563,0.34892101313794505,-0.16307732905112998,0.3184507149761141,0.22338338335163002,0.02173227762129175,-0.09623236156292826,68
18,Africa,Cherries,-0.024844293265737415,0.09429169644504674,0.4787018862096238,-0.4690833660488272,-0.3798968325930621,-0.26320450279023794,-0.15639487743889122,65
19,Africa,Strawberries,-0.024844293265737415,0.8611925524763107,0.5336528363490606,0.8240293039527924,-0.20703282141474988,-0.41013934528668566,0.1252101638325515,65
