Feature,Coefficient
Bee_Values,0.980989972790155
R_squared_Test,0.13372049804089703
